{"cameraMode":{"drawMode":0,"name":"Shaded","section":"Shading Mode"},"sceneLighting":false,"audioPlay":false,"sceneViewState":{"m_AlwaysRefresh":false,"showFog":true,"showSkybox":true,"showFlares":true,"showImageEffects":true,"showParticleSystems":true,"showVisualEffectGraphs":true,"m_FxEnabled":true},"in2DMode":false,"pivot":{"x":630.6019897460938,"y":410.03778076171877,"z":-81.1414566040039},"rotation":{"x":0.39229971170425417,"y":0.052003636956214908,"z":-0.025156769901514055,"w":0.9185012578964233},"size":2.522038698196411,"orthographic":false}